Wikipedia, the free encyclopedia; Main Page; /wiki/Free_content
Free content - Wikipedia; Free content; /wiki/Free_and_open-source_software
Free and open-source software - Wikipedia; Free and open-source software; /wiki/ISBN_(identifier)
ISBN - Wikipedia; ISBN; /wiki/ISO_45001
ISO 45001 - Wikipedia; ISO 45001; /wiki/Tennis_elbow
Tennis elbow - Wikipedia; Tennis elbow; /wiki/PMID_(identifier)
PubMed - Wikipedia; PubMed; /wiki/Online_patient_education
Online patient education - Wikipedia; Online patient education; /wiki/Main_Page
Wikipedia, the free encyclopedia; Main Page; /wiki/List_of_days_of_the_year
List of days of the year - Wikipedia; List of days of the year; /wiki/February_1
February 1 - Wikipedia; February 1; /wiki/1999
1999 - Wikipedia; 1999; /wiki/Joe_DiMaggio
Joe DiMaggio - Wikipedia; Joe DiMaggio; /wiki/Oral_Hildebrand
Oral Hildebrand - Wikipedia; Oral Hildebrand; /wiki/John_Means_(baseball)
John Means (baseball) - Wikipedia; John Means (baseball); /wiki/Gardner,_Kansas
Gardner, Kansas - Wikipedia; Gardner, Kansas; /wiki/Unified_school_district
Unified school district - Wikipedia; Unified school district; /wiki/Kindergarten
Kindergarten - Wikipedia; Kindergarten; /wiki/Hungary
Hungary - Wikipedia; Hungary; /wiki/Revolutions_of_1989
Revolutions of 1989 - Wikipedia; Revolutions of 1989; /wiki/War_on_terror
War on terror - Wikipedia; War on terror; /wiki/Camp_David
Camp David - Wikipedia; Camp David; /wiki/National_Palace_(Mexico)
National Palace (Mexico) - Wikipedia; National Palace (Mexico); /wiki/Alc%C3%A1zar_de_los_Reyes_Cristianos
Alcázar de los Reyes Cristianos - Wikipedia; Alcázar de los Reyes Cristianos; /wiki/Royal_Palace_of_Naples
Royal Palace of Naples - Wikipedia; Royal Palace of Naples; /wiki/Maria_Amalia_of_Saxony
Maria Amalia of Saxony - Wikipedia; Maria Amalia of Saxony; /wiki/Anna_of_Austria_(1549%E2%80%931580)
Anna of Austria, Queen of Spain - Wikipedia; Anna of Austria, Queen of Spain; /wiki/Anna_of_Austria,_Queen_of_Spain
Anna of Austria, Queen of Spain - Wikipedia; Anna of Austria, Queen of Spain; /wiki/Archduchess_Margarete_Sophie_of_Austria
Archduchess Margarete Sophie of Austria - Wikipedia; Archduchess Margarete Sophie of Austria; /wiki/Dynasty
Dynasty - Wikipedia; Dynasty; /wiki/Jersey
Jersey - Wikipedia; Jersey; /wiki/ISO_4217
ISO 4217 - Wikipedia; ISO 4217; /wiki/ISO_26000
ISO 26000 - Wikipedia; ISO 26000; /wiki/Prolog
Prolog - Wikipedia; Prolog; /wiki/ANSI_C
ANSI C - Wikipedia; ANSI C; /wiki/PDF417
PDF417 - Wikipedia; PDF417; /wiki/ISO/TR_11941
ISO/TR 11941 - Wikipedia; ISO/TR 11941; /wiki/Renard_series
Renard series - Wikipedia; Renard series; /wiki/Digital_object_identifier
Digital object identifier - Wikipedia; Digital object identifier; /wiki/ISO_9362
ISO 9362 - Wikipedia; ISO 9362; /wiki/ISO-TimeML
ISO-TimeML - Wikipedia; ISO-TimeML; /wiki/ArmSCII
ArmSCII - Wikipedia; ArmSCII; /wiki/6_(number)
6 - Wikipedia; 6; /wiki/Battlestar_Galactica_(2004_TV_series)
Battlestar Galactica (2004 TV series) - Wikipedia; Battlestar Galactica (2004 TV series); /wiki/Suicide_attack
Suicide attack - Wikipedia; Suicide attack; /wiki/Militia_organizations_in_the_United_States
